Profile,Metric,File
CBC_Hematology,WBC,CBC_Hematology_WBC.png
CBC_Hematology,Hemoglobin,CBC_Hematology_Hemoglobin.png
CBC_Hematology,Hematocrit,CBC_Hematology_Hematocrit.png
CBC_Hematology,MCV,CBC_Hematology_MCV.png
CBC_Hematology,MCH,CBC_Hematology_MCH.png
CBC_Hematology,RDW,CBC_Hematology_RDW.png
Iron_Profile,Iron,Iron_Profile_Iron.png
Iron_Profile,Ferritin,Iron_Profile_Ferritin.png
Iron_Profile,Hemoglobin,Iron_Profile_Hemoglobin.png
Iron_Profile,MCV,Iron_Profile_MCV.png
Iron_Profile,MCH,Iron_Profile_MCH.png
Iron_Profile,Mentzer Index,Iron_Profile_Mentzer_Index.png
Liver_Profile,AST,Liver_Profile_AST.png
Liver_Profile,ALT,Liver_Profile_ALT.png
Liver_Profile,GGT,Liver_Profile_GGT.png
Liver_Profile,ALP,Liver_Profile_ALP.png
Liver_Profile,Total Bilirubin,Liver_Profile_Total_Bilirubin.png
Liver_Profile,Direct Bilirubin,Liver_Profile_Direct_Bilirubin.png
Inflammation_Immune,CRP,Inflammation_Immune_CRP.png
Inflammation_Immune,ESR,Inflammation_Immune_ESR.png
Inflammation_Immune,NLR,Inflammation_Immune_NLR.png
Inflammation_Immune,SII Surrogate,Inflammation_Immune_SII_Surrogate.png
Inflammation_Immune,Ferritin,Inflammation_Immune_Ferritin.png
Vitamin_Nutritional,Vitamin D,Vitamin_Nutritional_Vitamin_D.png
Vitamin_Nutritional,Vitamin B12,Vitamin_Nutritional_Vitamin_B12.png
Vitamin_Nutritional,Folate,Vitamin_Nutritional_Folate.png
Vitamin_Nutritional,Magnesium,Vitamin_Nutritional_Magnesium.png
Vitamin_Nutritional,Calcium,Vitamin_Nutritional_Calcium.png
Vitamin_Nutritional,Iron,Vitamin_Nutritional_Iron.png
Liver_Monitoring,ALT,Liver_Monitoring_ALT.png
Liver_Monitoring,AST,Liver_Monitoring_AST.png
Liver_Monitoring,GGT,Liver_Monitoring_GGT.png
Liver_Monitoring,ALP,Liver_Monitoring_ALP.png
Liver_Monitoring,Total Bilirubin,Liver_Monitoring_Total_Bilirubin.png
Liver_Monitoring,Direct Bilirubin,Liver_Monitoring_Direct_Bilirubin.png
CBC_Treatment_Monitoring,WBC,CBC_Treatment_Monitoring_WBC.png
CBC_Treatment_Monitoring,ANC Surrogate,CBC_Treatment_Monitoring_ANC_Surrogate.png
CBC_Treatment_Monitoring,ALC Surrogate,CBC_Treatment_Monitoring_ALC_Surrogate.png
CBC_Treatment_Monitoring,Hemoglobin,CBC_Treatment_Monitoring_Hemoglobin.png
CBC_Treatment_Monitoring,Platelets,CBC_Treatment_Monitoring_Platelets.png
CBC_Treatment_Monitoring,MCV,CBC_Treatment_Monitoring_MCV.png
